-- ============================================================
-- JB TECNOLOGÍA SEED DATA
-- ============================================================

-- COMPONENT SLOTS (8 fixed)
INSERT INTO component_slots (id, name, slug, is_required, display_order, help_text) VALUES
  ('a1000000-0000-0000-0000-000000000001', 'Procesador', 'cpu', true, 1, 'El procesador es el cerebro del sistema. Define la velocidad de cómputo y compatibilidad con la tarjeta madre.'),
  ('a1000000-0000-0000-0000-000000000002', 'Tarjeta Madre', 'motherboard', true, 2, 'La tarjeta madre conecta todos los componentes. Debe ser compatible con el socket del procesador.'),
  ('a1000000-0000-0000-0000-000000000003', 'Memoria RAM', 'ram', true, 3, 'La RAM determina cuántos programas puedes ejecutar simultáneamente. Más RAM = más fluidez.'),
  ('a1000000-0000-0000-0000-000000000004', 'Almacenamiento', 'storage', true, 4, 'Donde se guardan el sistema operativo, juegos y archivos. Los NVMe son los más rápidos.'),
  ('a1000000-0000-0000-0000-000000000005', 'Tarjeta de Video', 'gpu', false, 5, 'Procesa los gráficos. Esencial para gaming, diseño 3D y edición de video.'),
  ('a1000000-0000-0000-0000-000000000006', 'Fuente de Poder', 'psu', true, 6, 'Suministra energía estable a todos los componentes. Una buena fuente protege tu inversión.'),
  ('a1000000-0000-0000-0000-000000000007', 'Gabinete', 'case', false, 7, 'Aloja todos los componentes. Considera el tamaño de la tarjeta madre y el flujo de aire.'),
  ('a1000000-0000-0000-0000-000000000008', 'Refrigeración', 'cooling', false, 8, 'Mantiene el procesador a temperatura óptima. Esencial para procesadores de alto rendimiento.');

-- ============================================================
-- CATEGORIES
-- ============================================================
INSERT INTO categories (id, name, slug, display_order, is_active) VALUES
  ('b1000000-0000-0000-0000-000000000001', 'Escritorios', 'escritorios', 1, true),
  ('b1000000-0000-0000-0000-000000000002', 'Portátiles', 'portatiles', 2, true),
  ('b1000000-0000-0000-0000-000000000003', 'Monitores', 'monitores', 3, true),
  ('b1000000-0000-0000-0000-000000000004', 'Periféricos', 'perifericos', 4, true),
  ('b1000000-0000-0000-0000-000000000005', 'Componentes', 'componentes', 5, true),
  ('b1000000-0000-0000-0000-000000000006', 'Sillas Gaming', 'sillas-gaming', 6, true);

INSERT INTO categories (id, name, slug, parent_id, display_order, is_active) VALUES
  ('b1000000-0000-0000-0000-000000000011', 'Prebuilt Series', 'prebuilt-series', 'b1000000-0000-0000-0000-000000000001', 1, true),
  ('b1000000-0000-0000-0000-000000000012', 'Gaming Series', 'gaming-series', 'b1000000-0000-0000-0000-000000000001', 2, true),
  ('b1000000-0000-0000-0000-000000000041', 'Teclados', 'teclados', 'b1000000-0000-0000-0000-000000000004', 1, true),
  ('b1000000-0000-0000-0000-000000000042', 'Mouse', 'mouse', 'b1000000-0000-0000-0000-000000000004', 2, true),
  ('b1000000-0000-0000-0000-000000000043', 'Headsets', 'headsets', 'b1000000-0000-0000-0000-000000000004', 3, true),
  ('b1000000-0000-0000-0000-000000000044', 'Webcams', 'webcams', 'b1000000-0000-0000-0000-000000000004', 4, true),
  ('b1000000-0000-0000-0000-000000000045', 'Mousepads', 'mousepads', 'b1000000-0000-0000-0000-000000000004', 5, true),
  ('b1000000-0000-0000-0000-000000000051', 'Procesadores', 'procesadores', 'b1000000-0000-0000-0000-000000000005', 1, true),
  ('b1000000-0000-0000-0000-000000000052', 'Tarjetas Madre', 'tarjetas-madre', 'b1000000-0000-0000-0000-000000000005', 2, true),
  ('b1000000-0000-0000-0000-000000000053', 'Memorias RAM', 'memorias-ram', 'b1000000-0000-0000-0000-000000000005', 3, true),
  ('b1000000-0000-0000-0000-000000000054', 'Almacenamiento', 'almacenamiento', 'b1000000-0000-0000-0000-000000000005', 4, true),
  ('b1000000-0000-0000-0000-000000000055', 'Tarjetas de Video', 'tarjetas-de-video', 'b1000000-0000-0000-0000-000000000005', 5, true),
  ('b1000000-0000-0000-0000-000000000056', 'Fuentes de Poder', 'fuentes-de-poder', 'b1000000-0000-0000-0000-000000000005', 6, true),
  ('b1000000-0000-0000-0000-000000000057', 'Gabinetes', 'gabinetes', 'b1000000-0000-0000-0000-000000000005', 7, true),
  ('b1000000-0000-0000-0000-000000000058', 'Refrigeración', 'refrigeracion', 'b1000000-0000-0000-0000-000000000005', 8, true);

-- ============================================================
-- PROCESADORES (8)
-- ============================================================
INSERT INTO products (id, name, slug, sku, category_id, component_slot_id, brand, model, price, compare_price, stock, short_description, description, specs, tags, is_active, is_featured) VALUES
('c1000000-0000-0000-0000-000000000001','Intel Core i3-12100F','intel-core-i3-12100f','CPU-INT-I3-12100F','b1000000-0000-0000-0000-000000000051','a1000000-0000-0000-0000-000000000001','Intel','Core i3-12100F',280000,NULL,15,'Procesador Intel de 4 núcleos para gaming y oficina con gran relación precio/rendimiento.','El Intel Core i3-12100F es la opción ideal para builds económicos sin sacrificar rendimiento en gaming. Con 4 núcleos y 8 hilos basados en la arquitectura Alder Lake, ofrece excelente rendimiento para su precio. Compatible con placas LGA1700 con DDR4 o DDR5.','{"socket":"LGA1700","cores":4,"threads":8,"base_clock":"3.3 GHz","boost_clock":"4.3 GHz","tdp":58,"ram_type":["DDR4","DDR5"],"architecture":"Alder Lake","cache_l3":"12 MB"}','{"gaming","entrada","intel","lga1700"}',true,false),

('c1000000-0000-0000-0000-000000000002','Intel Core i5-12400F','intel-core-i5-12400f','CPU-INT-I5-12400F','b1000000-0000-0000-0000-000000000051','a1000000-0000-0000-0000-000000000001','Intel','Core i5-12400F',420000,480000,12,'Procesador Intel de 6 núcleos ideal para gaming 1080p y 1440p con excelente eficiencia.','El Intel Core i5-12400F ofrece 6 núcleos de alto rendimiento con tecnología Alder Lake. Perfecto para gaming competitivo y trabajo multitarea. Sin gráficos integrados, ideal para combinar con tarjeta dedicada.','{"socket":"LGA1700","cores":6,"threads":12,"base_clock":"2.5 GHz","boost_clock":"4.4 GHz","tdp":65,"ram_type":["DDR4","DDR5"],"architecture":"Alder Lake","cache_l3":"18 MB"}','{"gaming","mid-range","intel","lga1700","oferta"}',true,true),

('c1000000-0000-0000-0000-000000000003','Intel Core i5-13600K','intel-core-i5-13600k','CPU-INT-I5-13600K','b1000000-0000-0000-0000-000000000051','a1000000-0000-0000-0000-000000000001','Intel','Core i5-13600K',680000,NULL,8,'Procesador desbloqueado con 14 núcleos híbridos — el mejor valor para gaming entusiasta.','El Intel Core i5-13600K es uno de los procesadores más equilibrados del mercado. Sus 14 núcleos (6P + 8E) brindan un rendimiento excepcional tanto en gaming como en aplicaciones creativas. Desbloqueado para overclocking.','{"socket":"LGA1700","cores":14,"threads":20,"base_clock":"3.5 GHz","boost_clock":"5.1 GHz","tdp":125,"ram_type":["DDR4","DDR5"],"architecture":"Raptor Lake","cache_l3":"24 MB"}','{"gaming","high-end","intel","lga1700","streaming","diseño"}',true,true),

('c1000000-0000-0000-0000-000000000004','Intel Core i7-14700K','intel-core-i7-14700k','CPU-INT-I7-14700K','b1000000-0000-0000-0000-000000000051','a1000000-0000-0000-0000-000000000001','Intel','Core i7-14700K',1100000,NULL,5,'Procesador de 20 núcleos para workstation gaming y producción de contenido profesional.','El Intel Core i7-14700K lleva el rendimiento al siguiente nivel con 20 núcleos y 28 hilos. Ideal para streaming mientras juegas, edición de video 4K y renders 3D sin comprometer el gaming.','{"socket":"LGA1700","cores":20,"threads":28,"base_clock":"3.4 GHz","boost_clock":"5.6 GHz","tdp":125,"ram_type":["DDR4","DDR5"],"architecture":"Raptor Lake Refresh","cache_l3":"33 MB"}','{"gaming","workstation","intel","lga1700","streaming","diseño","nuevo"}',true,false),

('c1000000-0000-0000-0000-000000000005','AMD Ryzen 5 5600X','amd-ryzen-5-5600x','CPU-AMD-R5-5600X','b1000000-0000-0000-0000-000000000051','a1000000-0000-0000-0000-000000000001','AMD','Ryzen 5 5600X',380000,450000,18,'El procesador AMD más popular para gaming 1080p-1440p con plataforma AM4 madura.','El AMD Ryzen 5 5600X es el procesador gaming más recomendado en su segmento. Arquitectura Zen 3 con 6 núcleos de alto IPC, compatible con la plataforma AM4 con amplia disponibilidad de placas y RAM DDR4.','{"socket":"AM4","cores":6,"threads":12,"base_clock":"3.7 GHz","boost_clock":"4.6 GHz","tdp":65,"ram_type":["DDR4"],"architecture":"Zen 3","cache_l3":"32 MB"}','{"gaming","mid-range","amd","am4","oferta"}',true,true),

('c1000000-0000-0000-0000-000000000006','AMD Ryzen 5 7600X','amd-ryzen-5-7600x','CPU-AMD-R5-7600X','b1000000-0000-0000-0000-000000000051','a1000000-0000-0000-0000-000000000001','AMD','Ryzen 5 7600X',620000,NULL,10,'Procesador AMD de nueva generación AM5 con DDR5 para gaming de alto rendimiento.','El AMD Ryzen 5 7600X inaugura la plataforma AM5 con soporte DDR5 y PCIe 5.0. Arquitectura Zen 4 con mejoras significativas en IPC frente a la generación anterior. La elección inteligente para builds a futuro.','{"socket":"AM5","cores":6,"threads":12,"base_clock":"4.7 GHz","boost_clock":"5.3 GHz","tdp":105,"ram_type":["DDR5"],"architecture":"Zen 4","cache_l3":"32 MB"}','{"gaming","mid-range","amd","am5","nuevo"}',true,false),

('c1000000-0000-0000-0000-000000000007','AMD Ryzen 7 7700X','amd-ryzen-7-7700x','CPU-AMD-R7-7700X','b1000000-0000-0000-0000-000000000051','a1000000-0000-0000-0000-000000000001','AMD','Ryzen 7 7700X',890000,NULL,6,'Procesador AMD de 8 núcleos para gaming entusiasta y creación de contenido con AM5.','El AMD Ryzen 7 7700X ofrece 8 núcleos Zen 4 de alta frecuencia, ideal para gaming 4K y producción de contenido simultánea. Plataforma AM5 preparada para el futuro con DDR5.','{"socket":"AM5","cores":8,"threads":16,"base_clock":"4.5 GHz","boost_clock":"5.4 GHz","tdp":105,"ram_type":["DDR5"],"architecture":"Zen 4","cache_l3":"32 MB"}','{"gaming","high-end","amd","am5","diseño","streaming"}',true,true),

('c1000000-0000-0000-0000-000000000008','AMD Ryzen 9 7900X','amd-ryzen-9-7900x','CPU-AMD-R9-7900X','b1000000-0000-0000-0000-000000000051','a1000000-0000-0000-0000-000000000001','AMD','Ryzen 9 7900X',1450000,NULL,3,'Procesador AMD de 12 núcleos para workstation profesional y streaming de alto nivel.','El AMD Ryzen 9 7900X es la bestia de la plataforma AM5. 12 núcleos Zen 4 con hasta 5.6 GHz de boost, diseñado para profesionales que necesitan máximo rendimiento en renderizado, streaming y gaming simultáneo.','{"socket":"AM5","cores":12,"threads":24,"base_clock":"4.7 GHz","boost_clock":"5.6 GHz","tdp":170,"ram_type":["DDR5"],"architecture":"Zen 4","cache_l3":"64 MB"}','{"workstation","streaming","amd","am5","diseño","alto-rendimiento"}',true,false);

-- ============================================================
-- TARJETAS MADRE (6)
-- ============================================================
INSERT INTO products (id, name, slug, sku, category_id, component_slot_id, brand, model, price, compare_price, stock, short_description, description, specs, tags, is_active, is_featured) VALUES
('c2000000-0000-0000-0000-000000000001','ASUS Prime B660M-K D4','asus-prime-b660m-k-d4','MOBO-ASUS-B660M-D4','b1000000-0000-0000-0000-000000000052','a1000000-0000-0000-0000-000000000002','ASUS','Prime B660M-K D4',420000,NULL,10,'Tarjeta madre Micro-ATX LGA1700 con DDR4 ideal para builds económicos Intel.','La ASUS Prime B660M-K D4 ofrece una base sólida para builds Intel de 12va y 13va generación. Formato Micro-ATX con soporte DDR4, ranuras M.2 y conectividad completa para el precio.','{"socket":"LGA1700","form_factor":"Micro-ATX","ram_slots":4,"ram_type":["DDR4"],"max_ram":128,"chipset":"B660","m2_slots":1,"pcie_version":"4.0"}','{"intel","lga1700","ddr4","micro-atx","entrada"}',true,false),

('c2000000-0000-0000-0000-000000000002','MSI Pro Z690-A DDR4','msi-pro-z690-a-ddr4','MOBO-MSI-Z690A-D4','b1000000-0000-0000-0000-000000000052','a1000000-0000-0000-0000-000000000002','MSI','Pro Z690-A DDR4',650000,720000,7,'Tarjeta madre ATX Z690 LGA1700 con DDR4 y overclocking completo para Intel.','La MSI Pro Z690-A es la opción definitiva para sacar el máximo provecho de los procesadores Intel desbloqueados. Chipset Z690 con soporte para overclocking, VRM robusto, 3 ranuras M.2 y conectividad WiFi 6.','{"socket":"LGA1700","form_factor":"ATX","ram_slots":4,"ram_type":["DDR4"],"max_ram":128,"chipset":"Z690","m2_slots":3,"pcie_version":"5.0","wifi":"WiFi 6"}','{"intel","lga1700","ddr4","atx","high-end","overclocking","oferta"}',true,true),

('c2000000-0000-0000-0000-000000000003','Gigabyte B650 Gaming X AX','gigabyte-b650-gaming-x-ax','MOBO-GIG-B650-GAMING','b1000000-0000-0000-0000-000000000052','a1000000-0000-0000-0000-000000000002','Gigabyte','B650 Gaming X AX',780000,NULL,8,'Tarjeta madre ATX AM5 con DDR5, WiFi 6E y PCIe 5.0 para Ryzen 7000.','La Gigabyte B650 Gaming X AX es la base perfecta para builds AMD AM5 con Ryzen 7000. Soporte DDR5 de alta velocidad, WiFi 6E integrado y diseño gaming con RGB controlable.','{"socket":"AM5","form_factor":"ATX","ram_slots":4,"ram_type":["DDR5"],"max_ram":192,"chipset":"B650","m2_slots":2,"pcie_version":"5.0","wifi":"WiFi 6E"}','{"amd","am5","ddr5","atx","gaming","nuevo"}',true,true),

('c2000000-0000-0000-0000-000000000004','ASUS ROG Strix X670E-F Gaming','asus-rog-strix-x670e-f','MOBO-ASUS-X670E-ROG','b1000000-0000-0000-0000-000000000052','a1000000-0000-0000-0000-000000000002','ASUS','ROG Strix X670E-F Gaming WiFi',1200000,NULL,4,'Tarjeta madre flagship AM5 con X670E para builds de alto rendimiento con Ryzen 9.','La ASUS ROG Strix X670E-F es la tarjeta madre definitiva para la plataforma AM5. VRM de 18+2 fases, 5 ranuras M.2, WiFi 6E, USB 3.2 Gen 2x2 y soporte completo para DDR5 de alta velocidad.','{"socket":"AM5","form_factor":"ATX","ram_slots":4,"ram_type":["DDR5"],"max_ram":192,"chipset":"X670E","m2_slots":5,"pcie_version":"5.0","wifi":"WiFi 6E"}','{"amd","am5","ddr5","atx","high-end","workstation","flagship"}',true,false),

('c2000000-0000-0000-0000-000000000005','ASRock B550M Pro4','asrock-b550m-pro4','MOBO-ASR-B550M-PRO4','b1000000-0000-0000-0000-000000000052','a1000000-0000-0000-0000-000000000002','ASRock','B550M Pro4',360000,400000,12,'Tarjeta madre Micro-ATX AM4 DDR4 ideal para builds Ryzen 5 económicos.','La ASRock B550M Pro4 es la elección inteligente para builds AM4 compactos y asequibles. Soporte para Ryzen 5000 y anteriores, con DDR4, PCIe 4.0 y conectividad completa.','{"socket":"AM4","form_factor":"Micro-ATX","ram_slots":4,"ram_type":["DDR4"],"max_ram":128,"chipset":"B550","m2_slots":2,"pcie_version":"4.0"}','{"amd","am4","ddr4","micro-atx","entrada","oferta"}',true,false),

('c2000000-0000-0000-0000-000000000006','MSI MAG B550 Tomahawk','msi-mag-b550-tomahawk','MOBO-MSI-B550-TOMAHAWK','b1000000-0000-0000-0000-000000000052','a1000000-0000-0000-0000-000000000002','MSI','MAG B550 Tomahawk',520000,NULL,9,'Tarjeta madre ATX AM4 con diseño gaming robusto y excelente VRM para Ryzen 5000.','La MSI MAG B550 Tomahawk es una de las tarjetas madre AM4 más recomendadas por su relación calidad/precio. VRM sólido para Ryzen 9, 2 ranuras M.2, PCIe 4.0 y diseño gaming sin LED RGB excesivo.','{"socket":"AM4","form_factor":"ATX","ram_slots":4,"ram_type":["DDR4"],"max_ram":128,"chipset":"B550","m2_slots":2,"pcie_version":"4.0"}','{"amd","am4","ddr4","atx","gaming","mid-range"}',true,true);

-- ============================================================
-- MEMORIAS RAM (6)
-- ============================================================
INSERT INTO products (id, name, slug, sku, category_id, component_slot_id, brand, model, price, compare_price, stock, short_description, description, specs, tags, is_active, is_featured) VALUES
('c3000000-0000-0000-0000-000000000001','Kingston Fury Beast 16GB DDR4 3200MHz','kingston-fury-beast-16gb-ddr4-3200','RAM-KIN-FURY-16-3200','b1000000-0000-0000-0000-000000000053','a1000000-0000-0000-0000-000000000003','Kingston','Fury Beast DDR4 3200MHz',160000,NULL,20,'Kit RAM DDR4 2x8GB 3200MHz con disipador de aluminio y perfil bajo.','La Kingston Fury Beast DDR4 es la RAM de referencia para builds de entrada y media gama. Kit 2x8GB con velocidad 3200MHz y soporte XMP 2.0 para configuración automática en BIOS.','{"capacity_gb":16,"speed_mhz":3200,"ram_type":"DDR4","kit_pieces":2,"cas_latency":"CL16","voltage":1.35,"xmp":"XMP 2.0"}','{"ddr4","16gb","entrada","gaming"}',true,false),

('c3000000-0000-0000-0000-000000000002','Corsair Vengeance 32GB DDR4 3600MHz','corsair-vengeance-32gb-ddr4-3600','RAM-COR-VEN-32-3600','b1000000-0000-0000-0000-000000000053','a1000000-0000-0000-0000-000000000003','Corsair','Vengeance LPX DDR4 3600MHz',290000,340000,14,'Kit RAM DDR4 2x16GB 3600MHz de perfil bajo — ideal para sistemas con refrigeración grande.','El Corsair Vengeance LPX es el estándar para gaming serio. Kit 2x16GB a 3600MHz con perfil ultra bajo para compatibilidad con coolers grandes. XMP 2.0 para configuración instantánea.','{"capacity_gb":32,"speed_mhz":3600,"ram_type":"DDR4","kit_pieces":2,"cas_latency":"CL18","voltage":1.35,"xmp":"XMP 2.0"}','{"ddr4","32gb","gaming","mid-range","oferta"}',true,true),

('c3000000-0000-0000-0000-000000000003','G.Skill Trident Z5 16GB DDR5 6000MHz','gskill-trident-z5-16gb-ddr5-6000','RAM-GS-TRZ5-16-6000','b1000000-0000-0000-0000-000000000053','a1000000-0000-0000-0000-000000000003','G.Skill','Trident Z5 DDR5 6000MHz',320000,NULL,10,'Kit RAM DDR5 2x8GB 6000MHz con RGB para plataformas AM5 e Intel 12/13va gen.','La G.Skill Trident Z5 es la RAM DDR5 de referencia para builds de alto rendimiento. 6000MHz con latencias optimizadas, compatible con EXPO (AMD) y XMP 3.0 (Intel). Diseño premium con RGB ARGB.','{"capacity_gb":16,"speed_mhz":6000,"ram_type":"DDR5","kit_pieces":2,"cas_latency":"CL36","voltage":1.35,"xmp":"XMP 3.0","expo":true}','{"ddr5","16gb","gaming","nuevo","am5","rgb"}',true,true),

('c3000000-0000-0000-0000-000000000004','G.Skill Ripjaws V 16GB DDR4 3200MHz','gskill-ripjaws-v-16gb-ddr4-3200','RAM-GS-RJV-16-3200','b1000000-0000-0000-0000-000000000053','a1000000-0000-0000-0000-000000000003','G.Skill','Ripjaws V DDR4 3200MHz',150000,180000,22,'Kit RAM DDR4 2x8GB 3200MHz de alta confiabilidad para builds AM4 e Intel.','La G.Skill Ripjaws V es la opción económica sin compromisos. 16GB DDR4 a 3200MHz con disipador de aluminio y compatibilidad probada con las principales plataformas AMD e Intel.','{"capacity_gb":16,"speed_mhz":3200,"ram_type":"DDR4","kit_pieces":2,"cas_latency":"CL16","voltage":1.35,"xmp":"XMP 2.0"}','{"ddr4","16gb","entrada","oferta"}',true,false),

('c3000000-0000-0000-0000-000000000005','Corsair Dominator Platinum 32GB DDR5 5600MHz','corsair-dominator-32gb-ddr5-5600','RAM-COR-DOM-32-5600','b1000000-0000-0000-0000-000000000053','a1000000-0000-0000-0000-000000000003','Corsair','Dominator Platinum RGB DDR5',480000,NULL,6,'Kit RAM DDR5 2x16GB 5600MHz premium con RGB y la mejor calidad del mercado.','El Corsair Dominator Platinum RGB DDR5 es lo mejor en memorias RAM del mercado. 32GB a 5600MHz con PMIC on-die para estabilidad superior, compatible con plataformas DDR5 de Intel y AMD AM5.','{"capacity_gb":32,"speed_mhz":5600,"ram_type":"DDR5","kit_pieces":2,"cas_latency":"CL36","voltage":1.25,"xmp":"XMP 3.0","expo":true}','{"ddr5","32gb","high-end","rgb","workstation"}',true,false),

('c3000000-0000-0000-0000-000000000006','Kingston Fury Beast 64GB DDR4 3200MHz','kingston-fury-beast-64gb-ddr4-3200','RAM-KIN-FURY-64-3200','b1000000-0000-0000-0000-000000000053','a1000000-0000-0000-0000-000000000003','Kingston','Fury Beast 64GB DDR4 3200MHz',520000,NULL,4,'Kit RAM DDR4 4x16GB 64GB para workstation y edición de video profesional.','Kit de 64GB DDR4 en 4 módulos de 16GB a 3200MHz. La solución ideal para workstations de edición de video, diseño 3D y virtualización donde la cantidad de RAM es crítica.','{"capacity_gb":64,"speed_mhz":3200,"ram_type":"DDR4","kit_pieces":4,"cas_latency":"CL16","voltage":1.35,"xmp":"XMP 2.0"}','{"ddr4","64gb","workstation","diseño"}',true,false);

-- ============================================================
-- ALMACENAMIENTO (5)
-- ============================================================
INSERT INTO products (id, name, slug, sku, category_id, component_slot_id, brand, model, price, compare_price, stock, short_description, description, specs, tags, is_active, is_featured) VALUES
('c4000000-0000-0000-0000-000000000001','Kingston NV2 500GB NVMe M.2','kingston-nv2-500gb-nvme','STO-KIN-NV2-500','b1000000-0000-0000-0000-000000000054','a1000000-0000-0000-0000-000000000004','Kingston','NV2 500GB NVMe PCIe 4.0',120000,NULL,25,'SSD NVMe M.2 de 500GB PCIe 4.0 — velocidades de hasta 3500 MB/s para el SO y apps.','El Kingston NV2 es la opción de entrada perfecta para reemplazar un HDD o como disco del sistema operativo. PCIe Gen 4 con velocidades de lectura hasta 3500 MB/s y escritura hasta 2100 MB/s.','{"capacity_gb":500,"type":"NVMe","interface":"PCIe 4.0 x4","read_speed":3500,"write_speed":2100,"form_factor":"M.2 2280","tbw":160}','{"nvme","500gb","entrada","ssd"}',true,false),

('c4000000-0000-0000-0000-000000000002','Samsung 970 EVO Plus 1TB NVMe','samsung-970-evo-plus-1tb','STO-SAM-970EVO-1T','b1000000-0000-0000-0000-000000000054','a1000000-0000-0000-0000-000000000004','Samsung','970 EVO Plus 1TB NVMe',220000,280000,15,'SSD NVMe M.2 1TB Samsung con velocidades de lectura 3500 MB/s — el favorito de los gamers.','El Samsung 970 EVO Plus es uno de los SSDs NVMe más confiables del mercado. 1TB de capacidad con velocidades de lectura hasta 3500 MB/s y escritura hasta 3300 MB/s. Garantía de 5 años.','{"capacity_gb":1000,"type":"NVMe","interface":"PCIe 3.0 x4","read_speed":3500,"write_speed":3300,"form_factor":"M.2 2280","tbw":600}','{"nvme","1tb","gaming","confiable","oferta"}',true,true),

('c4000000-0000-0000-0000-000000000003','WD Black SN850X 1TB NVMe PCIe 4.0','wd-black-sn850x-1tb','STO-WD-SN850X-1T','b1000000-0000-0000-0000-000000000054','a1000000-0000-0000-0000-000000000004','WD','Black SN850X 1TB PCIe 4.0',340000,NULL,8,'El SSD NVMe gaming más rápido con 7300 MB/s de lectura — diseñado para PS5 y PC gaming.','El WD Black SN850X es el SSD gaming definitivo. PCIe 4.0 con velocidades de lectura hasta 7300 MB/s y escritura hasta 6600 MB/s. Compatible con PS5 y optimizado para gaming con Game Mode 2.0.','{"capacity_gb":1000,"type":"NVMe","interface":"PCIe 4.0 x4","read_speed":7300,"write_speed":6600,"form_factor":"M.2 2280","tbw":600}','{"nvme","1tb","high-end","gaming","pcie4"}',true,true),

('c4000000-0000-0000-0000-000000000004','Seagate Barracuda 2TB HDD','seagate-barracuda-2tb-hdd','STO-SEA-BARRA-2T','b1000000-0000-0000-0000-000000000054','a1000000-0000-0000-0000-000000000004','Seagate','Barracuda 2TB 7200 RPM',180000,NULL,20,'Disco duro 2TB 7200 RPM para almacenamiento masivo de juegos, videos y archivos.','El Seagate Barracuda 2TB es la solución perfecta para almacenamiento secundario masivo. Ideal para guardar juegos, videos y backups a un precio por GB imbatible. 7200 RPM para velocidades óptimas en HDD.','{"capacity_gb":2000,"type":"HDD","interface":"SATA III","read_speed":190,"write_speed":190,"rpm":7200,"form_factor":"3.5 pulgadas","tbw":null}','{"hdd","2tb","almacenamiento","economico"}',true,false),

('c4000000-0000-0000-0000-000000000005','Samsung 870 EVO 1TB SSD SATA','samsung-870-evo-1tb-sata','STO-SAM-870EVO-1T','b1000000-0000-0000-0000-000000000054','a1000000-0000-0000-0000-000000000004','Samsung','870 EVO 1TB SATA',210000,250000,12,'SSD SATA 2.5" de 1TB Samsung — la actualización perfecta desde un HDD.','El Samsung 870 EVO es el SSD SATA más confiable del mercado. 1TB de capacidad con velocidades de lectura hasta 560 MB/s. Ideal para actualizar laptops antiguas o como almacenamiento secundario rápido.','{"capacity_gb":1000,"type":"SSD","interface":"SATA III","read_speed":560,"write_speed":530,"form_factor":"2.5 pulgadas","tbw":600}','{"sata","1tb","ssd","confiable","oferta"}',true,false);

-- ============================================================
-- TARJETAS DE VIDEO (7)
-- ============================================================
INSERT INTO products (id, name, slug, sku, category_id, component_slot_id, brand, model, price, compare_price, stock, short_description, description, specs, tags, is_active, is_featured) VALUES
('c5000000-0000-0000-0000-000000000001','NVIDIA GeForce GTX 1650 4GB','nvidia-gtx-1650-4gb','GPU-NVI-GTX1650-4G','b1000000-0000-0000-0000-000000000055','a1000000-0000-0000-0000-000000000005','NVIDIA','GeForce GTX 1650 4GB',520000,620000,10,'Tarjeta de video de entrada para gaming 1080p en títulos populares sin PSU extra.','La GTX 1650 es la opción perfecta para builds de presupuesto que quieren gaming 1080p en juegos populares como Fortnite, Valorant y CS2. No requiere conector de poder adicional.','{"vram":4,"tdp":75,"pcie_version":"PCIe 3.0","architecture":"Turing","shader_units":896,"memory_type":"GDDR6","boost_clock":"1665 MHz"}','{"nvidia","gaming","entrada","1080p","oferta"}',true,false),

('c5000000-0000-0000-0000-000000000002','NVIDIA GeForce RTX 3060 12GB','nvidia-rtx-3060-12gb','GPU-NVI-RTX3060-12G','b1000000-0000-0000-0000-000000000055','a1000000-0000-0000-0000-000000000005','NVIDIA','GeForce RTX 3060 12GB',980000,1100000,8,'La GPU más popular para gaming 1080p-1440p con Ray Tracing y DLSS 2.0.','La RTX 3060 es la tarjeta de video más vendida globalmente por su equilibrio entre precio y rendimiento. 12GB de VRAM, Ray Tracing en tiempo real y DLSS 2.0 para gaming 1080p-1440p sin compromisos.','{"vram":12,"tdp":170,"pcie_version":"PCIe 4.0","architecture":"Ampere","shader_units":3584,"memory_type":"GDDR6","boost_clock":"1777 MHz"}','{"nvidia","gaming","1080p","1440p","rtx","oferta"}',true,true),

('c5000000-0000-0000-0000-000000000003','NVIDIA GeForce RTX 3070 Ti 8GB','nvidia-rtx-3070-ti-8gb','GPU-NVI-RTX3070TI-8G','b1000000-0000-0000-0000-000000000055','a1000000-0000-0000-0000-000000000005','NVIDIA','GeForce RTX 3070 Ti 8GB',1450000,NULL,5,'GPU para gaming 1440p-4K de alto rendimiento con 8GB GDDR6X.','La RTX 3070 Ti lleva el gaming 1440p a máximas tasas de frames y habilita gaming 4K fluido en títulos de alto perfil. GDDR6X de alta velocidad y DLSS 2.0 para experiencias inmersivas.','{"vram":8,"tdp":290,"pcie_version":"PCIe 4.0","architecture":"Ampere","shader_units":6144,"memory_type":"GDDR6X","boost_clock":"1770 MHz"}','{"nvidia","gaming","1440p","4k","rtx","high-end"}',true,false),

('c5000000-0000-0000-0000-000000000004','NVIDIA GeForce RTX 4060 8GB','nvidia-rtx-4060-8gb','GPU-NVI-RTX4060-8G','b1000000-0000-0000-0000-000000000055','a1000000-0000-0000-0000-000000000005','NVIDIA','GeForce RTX 4060 8GB',1200000,NULL,9,'GPU Ada Lovelace de nueva generación para gaming 1080p-1440p con DLSS 3 Frame Generation.','La RTX 4060 introduce la arquitectura Ada Lovelace con DLSS 3 Frame Generation exclusivo. Mayor eficiencia energética, menor TDP y mejor rendimiento que la RTX 3060 en 1080p gaming.','{"vram":8,"tdp":115,"pcie_version":"PCIe 4.0","architecture":"Ada Lovelace","shader_units":3072,"memory_type":"GDDR6","boost_clock":"2460 MHz"}','{"nvidia","gaming","1080p","1440p","rtx","nuevo","eficiencia"}',true,true),

('c5000000-0000-0000-0000-000000000005','NVIDIA GeForce RTX 4070 12GB','nvidia-rtx-4070-12gb','GPU-NVI-RTX4070-12G','b1000000-0000-0000-0000-000000000055','a1000000-0000-0000-0000-000000000005','NVIDIA','GeForce RTX 4070 12GB',2100000,NULL,4,'La GPU gaming definitiva para 1440p y 4K con DLSS 3 Frame Generation y ray tracing máximo.','La RTX 4070 es la GPU de referencia para gaming 1440p sin compromisos y 4K fluidamente con DLSS 3. Arquitectura Ada Lovelace con 12GB GDDR6X y eficiencia energética 40% mayor que la generación anterior.','{"vram":12,"tdp":200,"pcie_version":"PCIe 4.0","architecture":"Ada Lovelace","shader_units":5888,"memory_type":"GDDR6X","boost_clock":"2475 MHz"}','{"nvidia","gaming","1440p","4k","rtx","high-end","nuevo"}',true,true),

('c5000000-0000-0000-0000-000000000006','AMD Radeon RX 6700 XT 12GB','amd-rx-6700-xt-12gb','GPU-AMD-RX6700XT-12G','b1000000-0000-0000-0000-000000000055','a1000000-0000-0000-0000-000000000005','AMD','Radeon RX 6700 XT 12GB',1050000,1200000,6,'GPU AMD para gaming 1440p con 12GB VRAM y excelente rendimiento en rasterización.','La RX 6700 XT de AMD ofrece 12GB de VRAM GDDR6 a precio competitivo. Excelente para gaming 1440p, especialmente en juegos de puro rasterizado. Compatible con FSR 2.0 para boost de rendimiento.','{"vram":12,"tdp":230,"pcie_version":"PCIe 4.0","architecture":"RDNA 2","shader_units":2560,"memory_type":"GDDR6","boost_clock":"2581 MHz"}','{"amd","gaming","1440p","oferta"}',true,false),

('c5000000-0000-0000-0000-000000000007','AMD Radeon RX 7600 8GB','amd-rx-7600-8gb','GPU-AMD-RX7600-8G','b1000000-0000-0000-0000-000000000055','a1000000-0000-0000-0000-000000000005','AMD','Radeon RX 7600 8GB',890000,NULL,7,'GPU AMD RDNA 3 de nueva generación para gaming 1080p eficiente con FSR 3.','La RX 7600 es la propuesta de AMD para gaming 1080p de nueva generación. Arquitectura RDNA 3 con codificador AV1 de hardware, soporte FSR 3 y bajo TDP de 165W. Excelente relación precio/rendimiento.','{"vram":8,"tdp":165,"pcie_version":"PCIe 4.0","architecture":"RDNA 3","shader_units":2048,"memory_type":"GDDR6","boost_clock":"2655 MHz"}','{"amd","gaming","1080p","nuevo","eficiencia"}',true,false);

-- ============================================================
-- FUENTES DE PODER (4)
-- ============================================================
INSERT INTO products (id, name, slug, sku, category_id, component_slot_id, brand, model, price, compare_price, stock, short_description, description, specs, tags, is_active, is_featured) VALUES
('c6000000-0000-0000-0000-000000000001','Corsair CV550 550W 80+ Bronze','corsair-cv550-550w-bronze','PSU-COR-CV550-BRZ','b1000000-0000-0000-0000-000000000056','a1000000-0000-0000-0000-000000000006','Corsair','CV550 550W 80+ Bronze',180000,NULL,18,'Fuente de poder 550W certificada 80+ Bronze para builds económicos hasta GTX 1650.','La Corsair CV550 ofrece 550W estables con certificación 80+ Bronze para eficiencia energética. Diseño no modular con todos los cables incluidos. Ideal para builds de entrada con GTX 1650 o RX 6500 XT.','{"wattage":550,"certification":"80+ Bronze","modular":false,"form_factor":"ATX","fan_size":120,"protections":["OVP","OCP","SCP"]}','{"psu","550w","bronze","entrada","corsair"}',true,false),

('c6000000-0000-0000-0000-000000000002','EVGA 650W GQ 80+ Gold Semi-modular','evga-650w-gq-gold-semi','PSU-EVG-650GQ-GLD','b1000000-0000-0000-0000-000000000056','a1000000-0000-0000-0000-000000000006','EVGA','650W GQ 80+ Gold Semi-modular',280000,320000,10,'Fuente semi-modular 650W 80+ Gold — ideal para builds con RTX 3060 o RX 6700 XT.','La EVGA 650W GQ combina eficiencia Gold con la practicidad semi-modular a un precio justo. Cables modulares para los periféricos reducen el desorden. Ideal para builds mid-range con GPUs de hasta 200W TDP.','{"wattage":650,"certification":"80+ Gold","modular":"semi","form_factor":"ATX","fan_size":135,"protections":["OVP","OCP","OTP","SCP"]}','{"psu","650w","gold","semi-modular","oferta"}',true,true),

('c6000000-0000-0000-0000-000000000003','Seasonic Focus GX-750 750W 80+ Gold','seasonic-focus-gx-750w-gold','PSU-SEA-FGX750-GLD','b1000000-0000-0000-0000-000000000056','a1000000-0000-0000-0000-000000000006','Seasonic','Focus GX-750 80+ Gold Modular',420000,NULL,8,'Fuente totalmente modular 750W 80+ Gold de la marca más confiable del mercado.','Seasonic es considerada la mejor marca de fuentes del mundo. La Focus GX-750 ofrece 750W totalmente modulares con certificación Gold, operación en modo fanless hasta 30% de carga y garantía de 10 años.','{"wattage":750,"certification":"80+ Gold","modular":true,"form_factor":"ATX","fan_size":120,"protections":["OVP","OCP","OTP","SCP","OPP"],"fan_less":true}','{"psu","750w","gold","modular","premium","seasonic"}',true,true),

('c6000000-0000-0000-0000-000000000004','Corsair RM1000x 1000W 80+ Gold','corsair-rm1000x-1000w-gold','PSU-COR-RM1000X-GLD','b1000000-0000-0000-0000-000000000056','a1000000-0000-0000-0000-000000000006','Corsair','RM1000x 1000W 80+ Gold Modular',680000,NULL,5,'Fuente modular 1000W 80+ Gold para builds extremos con RTX 4090 o sistema dual-GPU.','La Corsair RM1000x es la fuente de poder definitiva para builds sin compromisos. 1000W totalmente modulares con certificación Gold, modo zero RPM para operación silenciosa y capacidad para los sistemas más demandantes.','{"wattage":1000,"certification":"80+ Gold","modular":true,"form_factor":"ATX","fan_size":135,"protections":["OVP","OCP","OTP","SCP","OPP"],"fan_less":true}','{"psu","1000w","gold","modular","premium","workstation"}',true,false);

-- ============================================================
-- GABINETES (4)
-- ============================================================
INSERT INTO products (id, name, slug, sku, category_id, component_slot_id, brand, model, price, compare_price, stock, short_description, description, specs, tags, is_active, is_featured) VALUES
('c7000000-0000-0000-0000-000000000001','Aerocool Cylon RGB Micro-ATX','aerocool-cylon-rgb-micro-atx','CASE-AER-CYLON-RGB','b1000000-0000-0000-0000-000000000057','a1000000-0000-0000-0000-000000000007','Aerocool','Cylon RGB Mid-Tower',160000,NULL,15,'Gabinete Micro-ATX con panel lateral de vidrio templado y RGB incluido.','El Aerocool Cylon es la opción de entrada con estética gaming RGB. Panel lateral de vidrio templado para mostrar tus componentes. Compatible con tarjetas madre Micro-ATX y ATX, con espacio para GPU de hasta 350mm.','{"form_factor":"Micro-ATX","max_gpu_length":350,"has_rgb":true,"side_panel":"vidrio_templado","fan_slots":3,"drive_bays_35":2}','{"case","rgb","micro-atx","entrada","gaming"}',true,false),

('c7000000-0000-0000-0000-000000000002','NZXT H510 ATX Mid-Tower','nzxt-h510-atx-mid-tower','CASE-NZXT-H510-BLK','b1000000-0000-0000-0000-000000000057','a1000000-0000-0000-0000-000000000007','NZXT','H510 ATX Mid-Tower',320000,380000,8,'Gabinete ATX con diseño minimalista, panel de vidrio templado y cable management premium.','El NZXT H510 es el gabinete preferido por quienes valoran el diseño limpio sobre el RGB agresivo. Diseño minimalista con cable management integrado, dos ventiladores incluidos y panel lateral de vidrio templado completo.','{"form_factor":"ATX","max_gpu_length":381,"has_rgb":false,"side_panel":"vidrio_templado","fan_slots":4,"drive_bays_35":2}','{"case","atx","minimalista","nzxt","oferta"}',true,true),

('c7000000-0000-0000-0000-000000000003','Lian Li PC-O11 Dynamic ATX','lian-li-pc-o11-dynamic','CASE-LL-O11D-WHT','b1000000-0000-0000-0000-000000000057','a1000000-0000-0000-0000-000000000007','Lian Li','PC-O11 Dynamic White',580000,NULL,5,'Gabinete ATX premium con diseño dual-chamber para watercooling extremo y máximo airflow.','El Lian Li PC-O11 Dynamic es el gabinete favorito de los builders profesionales. Diseño dual-chamber separa la zona de cables del área de componentes. Soporte para 360mm AIO en 3 posiciones y hasta 8 ventiladores de 120mm.','{"form_factor":"ATX","max_gpu_length":446,"has_rgb":false,"side_panel":"vidrio_templado","fan_slots":8,"drive_bays_35":2}','{"case","atx","premium","watercooling","lian-li"}',true,false),

('c7000000-0000-0000-0000-000000000004','Fractal Design Meshify 2 ATX','fractal-design-meshify-2-atx','CASE-FD-MESH2-BLK','b1000000-0000-0000-0000-000000000057','a1000000-0000-0000-0000-000000000007','Fractal Design','Meshify 2 ATX',480000,NULL,6,'Gabinete ATX de alto airflow con malla frontal y diseño escandinavo premium.','El Fractal Design Meshify 2 es el estándar para builds de alto rendimiento con cooling prioritario. Malla frontal de alto flujo de aire, espacio para radiadores de hasta 420mm y diseño modular para adaptarse a cualquier build.','{"form_factor":"ATX","max_gpu_length":491,"has_rgb":false,"side_panel":"vidrio_templado","fan_slots":9,"drive_bays_35":3}','{"case","atx","airflow","premium","fractal"}',true,true);

-- ============================================================
-- REFRIGERACIÓN (4)
-- ============================================================
INSERT INTO products (id, name, slug, sku, category_id, component_slot_id, brand, model, price, compare_price, stock, short_description, description, specs, tags, is_active, is_featured) VALUES
('c8000000-0000-0000-0000-000000000001','Cooler Master Hyper 212 Black Edition','cooler-master-hyper-212-black','COOL-CM-H212-BLK','b1000000-0000-0000-0000-000000000058','a1000000-0000-0000-0000-000000000008','Cooler Master','Hyper 212 Black Edition',90000,NULL,25,'Cooler de torre de aire con 4 heatpipes — el más recomendado para builds económicos.','El Cooler Master Hyper 212 es el cooler de aire más popular del mundo por su excelente rendimiento/precio. 4 heatpipes de contacto directo, ventilador de 120mm y compatibilidad universal con los principales sockets.','{"type":"air","socket_support":["LGA1700","LGA1200","AM4","AM5"],"tdp_support":150,"height_mm":158,"fan_size":120,"heatpipes":4}','{"cooling","aire","economico","universal","am4","am5","lga1700"}',true,false),

('c8000000-0000-0000-0000-000000000002','Be Quiet! Dark Rock 4','be-quiet-dark-rock-4','COOL-BQ-DR4','b1000000-0000-0000-0000-000000000058','a1000000-0000-0000-0000-000000000008','Be Quiet!','Dark Rock 4',180000,NULL,10,'Cooler de aire de alto rendimiento ultra silencioso para procesadores de hasta 200W TDP.','El Be Quiet! Dark Rock 4 es el mejor cooler de aire del mercado para quienes priorizan el silencio absoluto. 7 heatpipes, disipador de 135mm y ventilador de 120mm operando en modo silencioso sin sacrificar rendimiento térmico.','{"type":"air","socket_support":["LGA1700","LGA1200","AM4","AM5"],"tdp_support":200,"height_mm":162,"fan_size":135,"heatpipes":7}','{"cooling","aire","silencioso","high-end","am4","am5","lga1700"}',true,false),

('c8000000-0000-0000-0000-000000000003','Corsair H100i RGB 240mm AIO','corsair-h100i-rgb-240mm','COOL-COR-H100I-240','b1000000-0000-0000-0000-000000000058','a1000000-0000-0000-0000-000000000008','Corsair','iCUE H100i RGB Elite 240mm',350000,420000,7,'Refrigeración líquida AIO 240mm con RGB controlable para procesadores de alto rendimiento.','El Corsair H100i RGB Elite es la solución AIO de referencia para overclockers y entusiastas. Radiador de 240mm con 2 ventiladores de 120mm RGB, bomba de última generación y cabezal ARGB. Compatible con LGA1700 y AM5.','{"type":"aio","socket_support":["LGA1700","LGA1200","AM4","AM5"],"tdp_support":250,"radiator_size":"240mm","fan_count":2,"fan_size":120,"rgb":true}','{"cooling","aio","240mm","rgb","high-end","oferta"}',true,true),

('c8000000-0000-0000-0000-000000000004','NZXT Kraken X63 280mm AIO','nzxt-kraken-x63-280mm','COOL-NZXT-KX63-280','b1000000-0000-0000-0000-000000000058','a1000000-0000-0000-0000-000000000008','NZXT','Kraken X63 280mm',580000,NULL,4,'AIO 280mm premium con pantalla LCD en el cabezal y máximo rendimiento térmico.','El NZXT Kraken X63 es el AIO definitivo para procesadores de alto TDP. Radiador de 280mm con 2 ventiladores de 140mm, cabezal con pantalla LCD personalizable y control de velocidad inteligente.','{"type":"aio","socket_support":["LGA1700","LGA1200","AM4","AM5"],"tdp_support":300,"radiator_size":"280mm","fan_count":2,"fan_size":140,"rgb":true}','{"cooling","aio","280mm","premium","flagship"}',true,false);

-- ============================================================
-- PCS PREBUILT (5)
-- ============================================================
INSERT INTO products (id, name, slug, sku, category_id, component_slot_id, brand, model, price, compare_price, stock, short_description, description, specs, tags, is_active, is_featured) VALUES
('d1000000-0000-0000-0000-000000000001','JB Bronze Edition','jb-bronze-edition','JB-BRONZE-01','b1000000-0000-0000-0000-000000000011',NULL,'JB Tecnología','Bronze Edition',2800000,NULL,5,'PC gaming de entrada: Ryzen 5 5600X + GTX 1650 + 16GB DDR4 + 500GB NVMe.','La JB Bronze Edition es la puerta de entrada al PC gaming. Ensamblada y probada por los técnicos de JB Tecnología, incluye garantía de 6 meses en mano de obra y 1 año en componentes. Perfecta para gaming 1080p en títulos populares.','{"cpu":"AMD Ryzen 5 5600X","gpu":"NVIDIA GTX 1650 4GB","ram":"16GB DDR4 3200MHz","storage":"500GB NVMe","os":"Sin OS","case":"Aerocool Cylon RGB","psu":"Corsair CV550 550W","cooler":"Cooler Master Hyper 212"}','{"prebuilt","gaming","entrada","ryzen5","gtx1650"}',true,true),

('d1000000-0000-0000-0000-000000000002','JB Silver Edition','jb-silver-edition','JB-SILVER-01','b1000000-0000-0000-0000-000000000011',NULL,'JB Tecnología','Silver Edition',4200000,NULL,4,'PC gaming media gama: i5-13600K + RTX 3060 + 16GB DDR4 + 1TB NVMe.','La JB Silver Edition representa el punto dulce del gaming moderno. Con el i5-13600K y RTX 3060, conquista 1080p Ultra y 1440p High en los títulos más exigentes. Ensamblada y optimizada por JB Tecnología con garantía completa.','{"cpu":"Intel Core i5-13600K","gpu":"NVIDIA RTX 3060 12GB","ram":"16GB DDR4 3600MHz","storage":"1TB NVMe Samsung","os":"Sin OS","case":"NZXT H510","psu":"EVGA 650W Gold","cooler":"Corsair H100i 240mm AIO"}','{"prebuilt","gaming","mid-range","i5","rtx3060"}',true,true),

('d1000000-0000-0000-0000-000000000003','JB Gold Edition','jb-gold-edition','JB-GOLD-01','b1000000-0000-0000-0000-000000000012',NULL,'JB Tecnología','Gold Edition',6800000,NULL,3,'PC gaming entusiasta: Ryzen 7 7700X + RTX 4070 + 32GB DDR5 + 1TB NVMe Gen4.','La JB Gold Edition es para los gamers serios. Plataforma AM5 de última generación con Ryzen 7 7700X y RTX 4070, domina 1440p con frames altísimos y gaming 4K DLSS 3. La inversión que dura 5+ años.','{"cpu":"AMD Ryzen 7 7700X","gpu":"NVIDIA RTX 4070 12GB","ram":"32GB DDR5 6000MHz","storage":"1TB WD Black SN850X NVMe","os":"Sin OS","case":"Fractal Design Meshify 2","psu":"Seasonic 750W Gold","cooler":"NZXT Kraken X63 280mm"}','{"prebuilt","gaming","high-end","ryzen7","rtx4070","am5"}',true,true),

('d1000000-0000-0000-0000-000000000004','JB Workstation Pro','jb-workstation-pro','JB-WS-PRO-01','b1000000-0000-0000-0000-000000000011',NULL,'JB Tecnología','Workstation Pro',7500000,NULL,2,'Workstation profesional: i7-14700K + RTX 3060 + 64GB DDR4 + 2TB NVMe.','La JB Workstation Pro está diseñada para profesionales creativos. El i7-14700K con 64GB de RAM maneja edición de video 4K, render 3D y diseño gráfico profesional con fluidez. Garantía extendida disponible.','{"cpu":"Intel Core i7-14700K","gpu":"NVIDIA RTX 3060 12GB","ram":"64GB DDR4 3200MHz","storage":"2TB NVMe + 2TB HDD","os":"Sin OS","case":"Lian Li O11 Dynamic","psu":"Corsair RM1000x","cooler":"Be Quiet Dark Rock 4"}','{"prebuilt","workstation","diseño","i7","64gb"}',true,false),

('d1000000-0000-0000-0000-000000000005','JB Ruby Gaming','jb-ruby-gaming','JB-RUBY-01','b1000000-0000-0000-0000-000000000012',NULL,'JB Tecnología','Ruby Gaming',5900000,NULL,3,'PC gaming de alto rendimiento: i5-13600K + RTX 4070 + 32GB DDR4 + 1TB SSD.','La JB Ruby combina el procesador gaming más equilibrado del mercado con la GPU de nueva generación RTX 4070. Gaming 1440p a tasa máxima y 4K DLSS 3, con 32GB de RAM para streaming simultáneo sin compromisos.','{"cpu":"Intel Core i5-13600K","gpu":"NVIDIA RTX 4070 12GB","ram":"32GB DDR4 3600MHz","storage":"1TB NVMe + 1TB SSD SATA","os":"Sin OS","case":"NZXT H510","psu":"Seasonic 750W Gold","cooler":"Corsair H100i 240mm AIO"}','{"prebuilt","gaming","high-end","i5","rtx4070","streaming"}',true,true);

-- ============================================================
-- PORTÁTILES (4)
-- ============================================================
INSERT INTO products (id, name, slug, sku, category_id, component_slot_id, brand, model, price, compare_price, stock, short_description, description, specs, tags, is_active, is_featured) VALUES
('e1000000-0000-0000-0000-000000000001','MSI Thin GF63 i5 RTX 2050','msi-thin-gf63-i5-rtx2050','LAP-MSI-GF63-2050','b1000000-0000-0000-0000-000000000002',NULL,'MSI','Thin GF63 12UC',3200000,NULL,6,'Laptop gaming delgada con i5-12450H + RTX 2050 — gaming portable al mejor precio.','El MSI Thin GF63 es la laptop gaming más delgada y liviana para quienes necesitan gaming en movimiento. i5-12450H con RTX 2050, pantalla 144Hz y batería decente para el día a día universitario o profesional.','{"cpu":"Intel Core i5-12450H","gpu":"NVIDIA RTX 2050 4GB","ram":"8GB DDR4","storage":"512GB NVMe","display":"15.6 FHD 144Hz","battery":"51Whr","weight_kg":1.86,"os":"Sin OS"}','{"laptop","gaming","msi","portable","entrada"}',true,true),

('e1000000-0000-0000-0000-000000000002','ASUS ROG Strix G15 Ryzen 9 RTX 4060','asus-rog-strix-g15-r9-rtx4060','LAP-ASUS-ROG-G15-4060','b1000000-0000-0000-0000-000000000002',NULL,'ASUS','ROG Strix G15 2023',6800000,NULL,4,'Laptop gaming flagship: Ryzen 9 7945HX + RTX 4060 + 16GB + 1TB para gaming máximo.','El ASUS ROG Strix G15 es la laptop gaming definitiva. Ryzen 9 7945HX con 16 núcleos, RTX 4060 Laptop, pantalla 240Hz QHD y sistema de cooling Tri-Fan Technology. Para gamers que no aceptan compromisos.','{"cpu":"AMD Ryzen 9 7945HX","gpu":"NVIDIA RTX 4060 Laptop 8GB","ram":"16GB DDR5","storage":"1TB NVMe PCIe 4.0","display":"15.6 QHD 240Hz","battery":"90Whr","weight_kg":2.3,"os":"Sin OS"}','{"laptop","gaming","asus","rog","high-end","nuevo"}',true,true),

('e1000000-0000-0000-0000-000000000003','Lenovo IdeaPad Gaming 3 Ryzen 5','lenovo-ideapad-gaming-3-r5','LAP-LEN-IPG3-R5','b1000000-0000-0000-0000-000000000002',NULL,'Lenovo','IdeaPad Gaming 3 Gen 7',2600000,3000000,8,'Laptop gaming económica: Ryzen 5 6600H + RTX 3050 — gaming 1080p sin gastar de más.','El Lenovo IdeaPad Gaming 3 es la mejor laptop gaming por menos de 3 millones. Ryzen 5 6600H con RTX 3050, pantalla 120Hz y teclado con retroiluminación. La elección inteligente para gaming universitario.','{"cpu":"AMD Ryzen 5 6600H","gpu":"NVIDIA RTX 3050 4GB","ram":"8GB DDR5","storage":"512GB NVMe","display":"15.6 FHD 120Hz","battery":"45Whr","weight_kg":2.25,"os":"Sin OS"}','{"laptop","gaming","lenovo","economica","ryzen5","oferta"}',true,false),

('e1000000-0000-0000-0000-000000000004','MSI Raider GE68 i9 RTX 4080','msi-raider-ge68-i9-rtx4080','LAP-MSI-RAID-GE68-4080','b1000000-0000-0000-0000-000000000002',NULL,'MSI','Raider GE68 HX 2023',12500000,NULL,2,'Laptop gaming de élite: i9-13980HX + RTX 4080 Laptop + 32GB + 2TB — rendimiento workstation.','El MSI Raider GE68 es la laptop más potente de nuestro catálogo. i9-13980HX con 24 núcleos y RTX 4080 Laptop ofrecen rendimiento de workstation portátil. Para profesionales creativos y gamers de élite.','{"cpu":"Intel Core i9-13980HX","gpu":"NVIDIA RTX 4080 Laptop 12GB","ram":"32GB DDR5","storage":"2TB NVMe PCIe 5.0","display":"16 QHD+ 240Hz","battery":"99.9Whr","weight_kg":3.1,"os":"Windows 11 Home"}','{"laptop","gaming","msi","flagship","workstation","i9"}',true,false);

-- ============================================================
-- PERIFÉRICOS (11)
-- ============================================================
INSERT INTO products (id, name, slug, sku, category_id, component_slot_id, brand, model, price, compare_price, stock, short_description, description, specs, tags, is_active, is_featured) VALUES
-- TECLADOS
('f1000000-0000-0000-0000-000000000001','HyperX Alloy Origins Core TKL','hyperx-alloy-origins-core-tkl','PER-HYP-AOC-TKL','b1000000-0000-0000-0000-000000000041',NULL,'HyperX','Alloy Origins Core TKL',280000,NULL,12,'Teclado mecánico TKL con switches HyperX Red lineales y RGB per-key — compacto y rápido.','El HyperX Alloy Origins Core es el teclado mecánico gaming más vendido en su segmento. Formato TKL sin numpad para más espacio al mouse, switches HyperX Red lineales ultra suaves y RGB per-key con software NGENUITY.','{"type":"mecanico","layout":"TKL","switches":"HyperX Red","rgb":"per-key","connection":"USB","polling_rate":"1000Hz","anti_ghosting":true}','{"teclado","mecanico","tkl","rgb","gaming"}',true,true),

('f1000000-0000-0000-0000-000000000002','Corsair K70 RGB MK.2 Full Size','corsair-k70-rgb-mk2','PER-COR-K70-MK2','b1000000-0000-0000-0000-000000000041',NULL,'Corsair','K70 RGB MK.2',450000,520000,7,'Teclado mecánico completo con Cherry MX Red, marco de aluminio y RGB premium.','El Corsair K70 RGB MK.2 es el teclado mecánico de referencia para gaming serio. Marco de aluminio anodizado, switches Cherry MX Red certificados, wrist rest magnético incluido y RGB per-key con iCUE software.','{"type":"mecanico","layout":"Full","switches":"Cherry MX Red","rgb":"per-key","connection":"USB","polling_rate":"1000Hz","wrist_rest":true}','{"teclado","mecanico","full-size","rgb","premium","oferta"}',true,false),

-- MOUSE
('f2000000-0000-0000-0000-000000000001','Logitech G502 X Plus Gaming','logitech-g502-x-plus','PER-LOG-G502X','b1000000-0000-0000-0000-000000000042',NULL,'Logitech','G502 X Plus',380000,NULL,10,'Mouse gaming inalámbrico 25600 DPI con pesos ajustables y RGB LIGHTSPEED.','El Logitech G502 X Plus es el mouse gaming más completo del mercado. Sensor HERO 25K de 25600 DPI, tecnología LIGHTSPEED inalámbrica con 60 horas de batería, pesos ajustables y 13 botones programables.','{"dpi":25600,"connection":"inalambrico+USB","polling_rate":"1000Hz","buttons":13,"weight_g":106,"adjustable_weights":true,"battery_hours":60,"rgb":true}','{"mouse","gaming","inalambrico","logitech","premium"}',true,true),

('f2000000-0000-0000-0000-000000000002','Razer DeathAdder V3 HyperSpeed','razer-deathadder-v3-hyperspeed','PER-RAZ-DAV3-HS','b1000000-0000-0000-0000-000000000042',NULL,'Razer','DeathAdder V3 HyperSpeed',200000,240000,15,'Mouse gaming inalámbrico ultraligero 59g con HyperSpeed 2.4GHz y sensor 26000 DPI.','El Razer DeathAdder V3 HyperSpeed es el mouse gaming ultraligero de Razer. Solo 59g con la forma ergonómica más popular del mundo, sensor Focus Pro de 26000 DPI y conectividad HyperSpeed de baja latencia.','{"dpi":26000,"connection":"inalambrico","polling_rate":"2000Hz","buttons":5,"weight_g":59,"battery_hours":300,"rgb":false}','{"mouse","gaming","inalambrico","razer","ultraligero","oferta"}',true,true),

-- HEADSETS
('f3000000-0000-0000-0000-000000000001','HyperX Cloud Alpha Wireless','hyperx-cloud-alpha-wireless','PER-HYP-CLA-WL','b1000000-0000-0000-0000-000000000043',NULL,'HyperX','Cloud Alpha Wireless',420000,500000,8,'Headset gaming inalámbrico con 300 horas de batería y sonido DTS 7.1 surround.','El HyperX Cloud Alpha Wireless establece el nuevo estándar en headsets inalámbricos con 300 horas de batería — el más duradero del mercado. Controladores de doble cámara para bajos y medios/agudos separados, DTS Headphone:X 7.1 y micrófono con cancelación de ruido.','{"connection":"inalambrico_2.4ghz","driver_size":50,"frequency":"15Hz-21kHz","battery_hours":300,"surround":"DTS 7.1","mic_detachable":true,"weight_g":335}','{"headset","gaming","inalambrico","hyperx","oferta"}',true,true),

('f3000000-0000-0000-0000-000000000002','SteelSeries Arctis 7P+','steelseries-arctis-7p-plus','PER-SS-A7P-PLUS','b1000000-0000-0000-0000-000000000043',NULL,'SteelSeries','Arctis 7P+',350000,NULL,6,'Headset gaming inalámbrico multiplataforma con 30h batería y micrófono ClearCast.','El SteelSeries Arctis 7P+ ofrece conectividad inalámbrica para PC y PlayStation con un solo dongle USB-C. 30 horas de batería, micrófono ClearCast con cancelación de ruido bidireccional y sonido envolvente 360°.','{"connection":"inalambrico_2.4ghz","driver_size":40,"frequency":"20Hz-20kHz","battery_hours":30,"surround":"360 Spatial","mic_detachable":false,"weight_g":363}','{"headset","gaming","inalambrico","steelseries","multiplataforma"}',true,false),

-- WEBCAMS
('f4000000-0000-0000-0000-000000000001','Logitech C920 HD Pro 1080p','logitech-c920-hd-pro-1080p','PER-LOG-C920-HD','b1000000-0000-0000-0000-000000000044',NULL,'Logitech','C920 HD Pro',280000,320000,14,'Webcam 1080p 30fps con micrófono estéreo y corrección de luz automática — la más popular.','La Logitech C920 HD Pro es la webcam de referencia para streaming, videollamadas y trabajo remoto. 1080p 30fps o 720p 60fps, micrófono estéreo con supresión de ruido y corrección de luz automática.','{"resolution":"1080p","fps":30,"fov":78,"mic":"estereo","autofocus":true,"usb":"USB-A","compatibility":"PC+Mac"}','{"webcam","streaming","logitech","1080p","oferta"}',true,false),

-- MOUSEPADS
('f5000000-0000-0000-0000-000000000001','SteelSeries QcK Heavy XXL Gaming','steelseries-qck-heavy-xxl','PER-SS-QCK-XXL','b1000000-0000-0000-0000-000000000045',NULL,'SteelSeries','QcK Heavy XXL',120000,NULL,20,'Mousepad XXL 900x400mm con superficie micro-texturizada y base antideslizante gruesa.','El SteelSeries QcK Heavy XXL es el mousepad de escritorio completo. Cubre toda la superficie del escritorio con 900x400mm de área de juego, superficie micro-texturizada para control máximo y base de caucho premium antideslizante de 6mm.','{"size":"900x400mm","thickness_mm":6,"surface":"micro-texturizada","base":"caucho","stitched_edges":true}','{"mousepad","xxl","gaming","steelseries"}',true,false),

('f5000000-0000-0000-0000-000000000002','Corsair MM300 Pro Extended Gaming','corsair-mm300-pro-extended','PER-COR-MM300-EXT','b1000000-0000-0000-0000-000000000045',NULL,'Corsair','MM300 Pro Extended',80000,NULL,18,'Mousepad extendido 930x300mm con superficie de tela premium y bordes cosidos.','El Corsair MM300 Pro Extended combina el tamaño perfecto para cubrir teclado y mouse con una superficie de tela premium para deslizamiento controlado. Bordes cosidos para durabilidad y base de goma antideslizante.','{"size":"930x300mm","thickness_mm":3,"surface":"tela","base":"goma","stitched_edges":true}','{"mousepad","extended","gaming","corsair","economico"}',true,false);

-- ============================================================
-- MONITORES (6 productos)
-- ============================================================
INSERT INTO products (id, name, slug, sku, category_id, component_slot_id, brand, model, price, compare_price, stock, short_description, description, specs, tags, is_active, is_featured) VALUES
('ab000000-0000-0000-0000-000000000001','Samsung Odyssey G5 27" QHD 165Hz','samsung-odyssey-g5-27-qhd','MON-SAM-G5-27','b1000000-0000-0000-0000-000000000003',NULL,'Samsung','Odyssey G5 LC27G55T',980000,1150000,12,'Monitor curvo 27" QHD 1440p a 165Hz con HDR10 y 1ms — ideal para gaming competitivo.','El Samsung Odyssey G5 es el monitor gaming definitivo en su rango de precio. Panel VA curvado 1000R, resolución QHD 2560x1440 a 165Hz, 1ms de respuesta y HDR10. Compatible con AMD FreeSync Premium y G-Sync.','{"size":"27 pulgadas","resolution":"2560x1440 QHD","refresh_rate":"165Hz","response_time":"1ms","panel":"VA","curvature":"1000R","hdr":"HDR10","ports":"DP 1.4, HDMI 2.0"}','{"monitor","gaming","27","qhd","curvo","165hz","oferta"}',true,true),

('ab000000-0000-0000-0000-000000000002','ASUS TUF Gaming VG249Q1A 24" Full HD','asus-tuf-vg249-24-fhd','MON-ASUS-VG249-24','b1000000-0000-0000-0000-000000000003',NULL,'ASUS','TUF Gaming VG249Q1A',680000,NULL,15,'Monitor plano 24" Full HD a 165Hz IPS con respuesta de 1ms — entry-level competitivo.','El ASUS TUF Gaming VG249Q1A combina velocidad y precio. Panel IPS 24" Full HD a 165Hz con 1ms (MPRT) y compatibilidad FreeSync Premium. Marco ultra delgado y conectividad DP+HDMI.','{"size":"24 pulgadas","resolution":"1920x1080 FHD","refresh_rate":"165Hz","response_time":"1ms MPRT","panel":"IPS","hdr":"No","ports":"DP 1.2, HDMI 1.4 x2"}','{"monitor","gaming","24","fhd","165hz","entrada","ips"}',true,true),

('ab000000-0000-0000-0000-000000000003','LG UltraGear 27GN800 27" QHD IPS','lg-ultragear-27gn800','MON-LG-27GN800','b1000000-0000-0000-0000-000000000003',NULL,'LG','UltraGear 27GN800',1280000,NULL,8,'Monitor 27" QHD IPS a 144Hz con 1ms y HDR10 — calibrado para gaming + diseño.','El LG UltraGear 27GN800 es la elección perfecta para gamers que también editan video y diseñan. Panel IPS Nano con cobertura sRGB 99% y DCI-P3 95%, 144Hz, 1ms y HDR10. Compatible con G-Sync y FreeSync Premium.','{"size":"27 pulgadas","resolution":"2560x1440 QHD","refresh_rate":"144Hz","response_time":"1ms GtG","panel":"IPS Nano","hdr":"HDR10","ports":"DP 1.4, HDMI 2.0 x2","color_space":"sRGB 99%, DCI-P3 95%"}','{"monitor","gaming","27","qhd","144hz","ips","diseño","high-end"}',true,true),

('ab000000-0000-0000-0000-000000000004','MSI MAG 32" Curvo 165Hz QHD','msi-mag-322cqr-32','MON-MSI-322CQR','b1000000-0000-0000-0000-000000000003',NULL,'MSI','MAG 322CQR',1450000,NULL,5,'Monitor inmersivo 32" QHD curvo 1500R a 165Hz — máxima inmersión gaming.','El MSI MAG 322CQR ofrece una experiencia de juego inmersiva con su pantalla VA curvada 1500R de 32 pulgadas. QHD 2560x1440 a 165Hz, 1ms (MPRT), HDR Ready y compatibilidad FreeSync Premium.','{"size":"32 pulgadas","resolution":"2560x1440 QHD","refresh_rate":"165Hz","response_time":"1ms MPRT","panel":"VA","curvature":"1500R","hdr":"HDR Ready","ports":"DP 1.2, HDMI 2.0 x2"}','{"monitor","gaming","32","qhd","165hz","curvo","va","inmersivo"}',true,false),

('ab000000-0000-0000-0000-000000000005','AOC 24G2 24" Gaming IPS 144Hz','aoc-24g2-24-ips','MON-AOC-24G2','b1000000-0000-0000-0000-000000000003',NULL,'AOC','24G2',520000,640000,18,'Monitor 24" IPS Full HD a 144Hz — el mejor valor para gaming competitivo.','El AOC 24G2 es uno de los monitores más recomendados globalmente. Panel IPS de 24" Full HD a 144Hz con tiempo de respuesta 1ms (MPRT). Marco ultra delgado, compatible con FreeSync Premium y excelente calidad de color para gaming + uso general.','{"size":"24 pulgadas","resolution":"1920x1080 FHD","refresh_rate":"144Hz","response_time":"1ms MPRT","panel":"IPS","hdr":"No","ports":"DP 1.2, HDMI 1.4 x2, VGA"}','{"monitor","gaming","24","fhd","144hz","ips","oferta","mid-range"}',true,true),

('ab000000-0000-0000-0000-000000000006','Samsung ViewFinity 27" 4K Profesional','samsung-viewfinity-27-4k','MON-SAM-VF27-4K','b1000000-0000-0000-0000-000000000003',NULL,'Samsung','ViewFinity S6 27"',1750000,NULL,4,'Monitor profesional 27" 4K UHD IPS con HDR10 — diseño, foto y video 4K.','El Samsung ViewFinity S6 es el monitor profesional para creadores. 27" 4K UHD con panel IPS de cobertura 100% sRGB, HDR10, modo Eye Saver y HDMI / DP / USB-C con Power Delivery 65W.','{"size":"27 pulgadas","resolution":"3840x2160 4K UHD","refresh_rate":"60Hz","response_time":"5ms","panel":"IPS","hdr":"HDR10","ports":"DP 1.2, HDMI 2.0, USB-C PD 65W","color_space":"sRGB 100%"}','{"monitor","profesional","27","4k","ips","diseño","usb-c"}',true,false);

-- ============================================================
-- SILLAS GAMING (4 productos)
-- ============================================================
INSERT INTO products (id, name, slug, sku, category_id, component_slot_id, brand, model, price, compare_price, stock, short_description, description, specs, tags, is_active, is_featured) VALUES
('ac000000-0000-0000-0000-000000000001','Cougar Armor One Gaming Black','cougar-armor-one-black','SLL-COU-ARMOR-BLK','b1000000-0000-0000-0000-000000000006',NULL,'Cougar','Armor One',780000,890000,10,'Silla gaming ergonómica con reposabrazos 2D, soporte lumbar y reclinable 180°.','La Cougar Armor One es la silla gaming más vendida en su segmento. Estructura de acero, espuma de alta densidad, reposabrazos 2D ajustables, soporte lumbar magnético y reclinable hasta 180°. Soporta hasta 120kg.','{"material":"Cuero PVC respirable","max_weight_kg":120,"reclining":"90-180°","armrest":"2D ajustables","lumbar":"Cojín magnético","base":"Metálica","wheels":"60mm goma"}','{"silla","gaming","ergonomica","cougar","oferta"}',true,true),

('ac000000-0000-0000-0000-000000000002','X40 Racing Yellow Edition','x40-racing-yellow','SLL-X40-YELLOW','b1000000-0000-0000-0000-000000000006',NULL,'X40','Racing Series',650000,NULL,8,'Silla racing amarilla con respaldo alto y diseño deportivo — soporta hasta 130kg.','El X40 Racing Yellow Edition combina estilo deportivo con ergonomía profesional. Respaldo alto reclinable, espuma fría inyectada de alta densidad, almohada cervical y cojín lumbar incluidos.','{"material":"Piel sintética premium","max_weight_kg":130,"reclining":"90-160°","armrest":"3D ajustables","lumbar":"Cojín ajustable","base":"Aluminio reforzado","wheels":"PU silenciosas"}','{"silla","gaming","racing","amarillo","x40"}',true,true),

('ac000000-0000-0000-0000-000000000003','DXRacer Formula F08 Gaming','dxracer-formula-f08','SLL-DXR-F08','b1000000-0000-0000-0000-000000000006',NULL,'DXRacer','Formula Series F08',1200000,NULL,5,'Silla gaming profesional DXRacer con certificación BIFMA y diseño racing original.','La DXRacer Formula F08 es la silla gaming original con certificación BIFMA de durabilidad. Diseño inspirado en autos de carrera con materiales premium, ergonomía profesional y garantía extendida.','{"material":"Piel sintética + tela","max_weight_kg":110,"reclining":"90-135°","armrest":"3D ajustables","lumbar":"Cojín ergonómico","base":"Aluminio pulido","wheels":"50mm nylon"}','{"silla","gaming","dxracer","profesional","high-end"}',true,false),

('ac000000-0000-0000-0000-000000000004','Razer Iskur V2 Ergonomic','razer-iskur-v2','SLL-RAZ-ISKUR-V2','b1000000-0000-0000-0000-000000000006',NULL,'Razer','Iskur V2',1850000,NULL,3,'Silla ergonómica premium con soporte lumbar nativo 6D y reclinable a 152°.','El Razer Iskur V2 es la silla gaming definitiva. Soporte lumbar 6D integrado en el respaldo (no es cojín removible), reposacabezas adaptable, espuma de memoria y todos los puntos de ajuste imaginables.','{"material":"EPU multicapa","max_weight_kg":136,"reclining":"94-152°","armrest":"4D Plush","lumbar":"6D integrado","base":"Aluminio Class-4","wheels":"PU premium"}','{"silla","gaming","razer","premium","ergonomica","6d"}',true,false);

-- ============================================================
-- PRODUCT IMAGES (from jbtecnologia.com.co Wix CDN)
-- ============================================================

-- PCs Prebuilt: usan placeholder elegante (sin fotos individuales verificadas).
-- TODO: cuando JB Tecnología suba fotos reales por modelo, agregar aquí.

-- Portátiles (4 — imágenes específicas verificadas)
INSERT INTO product_images (product_id, storage_url, display_order, is_primary, alt_text) VALUES
  ('e1000000-0000-0000-0000-000000000001', 'https://static.wixstatic.com/media/cf9b63_853c85cc326a4d47a549845c6b94c09d~mv2.webp', 0, true, 'MSI Thin GF63'),
  ('e1000000-0000-0000-0000-000000000002', 'https://static.wixstatic.com/media/cf9b63_b221aec06c65463b908259c33c7703ef~mv2.webp', 0, true, 'ASUS ROG Strix G15'),
  ('e1000000-0000-0000-0000-000000000002', 'https://static.wixstatic.com/media/cf9b63_b45d6fee7caa4680a171e59abf55ecf7~mv2.webp', 1, false, 'ASUS ROG vista'),
  ('e1000000-0000-0000-0000-000000000003', 'https://static.wixstatic.com/media/cf9b63_98c12e487e12487492361a95bd218610~mv2.webp', 0, true, 'Lenovo IdeaPad Gaming 3'),
  ('e1000000-0000-0000-0000-000000000003', 'https://static.wixstatic.com/media/cf9b63_e82950477043492582f22e7f75ff73eb~mv2.webp', 1, false, 'Lenovo lateral'),
  ('e1000000-0000-0000-0000-000000000004', 'https://static.wixstatic.com/media/cf9b63_c6a1af72555f4b8695a820b103c27791~mv2.webp', 0, true, 'MSI Raider GE68');

-- Componentes individuales — una imagen única por slot (variedad entre categorías)
INSERT INTO product_images (product_id, storage_url, display_order, is_primary, alt_text)
SELECT id, 'https://static.wixstatic.com/media/cf9b63_853c85cc326a4d47a549845c6b94c09d~mv2.webp', 0, true, name
FROM products WHERE component_slot_id = 'a1000000-0000-0000-0000-000000000001'; -- CPU

INSERT INTO product_images (product_id, storage_url, display_order, is_primary, alt_text)
SELECT id, 'https://static.wixstatic.com/media/cf9b63_b221aec06c65463b908259c33c7703ef~mv2.webp', 0, true, name
FROM products WHERE component_slot_id = 'a1000000-0000-0000-0000-000000000002'; -- Mobo

INSERT INTO product_images (product_id, storage_url, display_order, is_primary, alt_text)
SELECT id, 'https://static.wixstatic.com/media/cf9b63_98c12e487e12487492361a95bd218610~mv2.webp', 0, true, name
FROM products WHERE component_slot_id = 'a1000000-0000-0000-0000-000000000003'; -- RAM

INSERT INTO product_images (product_id, storage_url, display_order, is_primary, alt_text)
SELECT id, 'https://static.wixstatic.com/media/cf9b63_c6a1af72555f4b8695a820b103c27791~mv2.webp', 0, true, name
FROM products WHERE component_slot_id = 'a1000000-0000-0000-0000-000000000004'; -- Storage

INSERT INTO product_images (product_id, storage_url, display_order, is_primary, alt_text)
SELECT id, 'https://static.wixstatic.com/media/cf9b63_b45d6fee7caa4680a171e59abf55ecf7~mv2.webp', 0, true, name
FROM products WHERE component_slot_id = 'a1000000-0000-0000-0000-000000000005'; -- GPU

INSERT INTO product_images (product_id, storage_url, display_order, is_primary, alt_text)
SELECT id, 'https://static.wixstatic.com/media/cf9b63_e82950477043492582f22e7f75ff73eb~mv2.webp', 0, true, name
FROM products WHERE component_slot_id = 'a1000000-0000-0000-0000-000000000006'; -- PSU

INSERT INTO product_images (product_id, storage_url, display_order, is_primary, alt_text)
SELECT id, 'https://static.wixstatic.com/media/cf9b63_08a005f4231e4c749fcf3eb8c1f3687f~mv2.webp', 0, true, name
FROM products WHERE component_slot_id = 'a1000000-0000-0000-0000-000000000007'; -- Case

INSERT INTO product_images (product_id, storage_url, display_order, is_primary, alt_text)
SELECT id, 'https://static.wixstatic.com/media/cf9b63_10d8ffd75e714bb9bb0bd6733676ec03~mv2.webp', 0, true, name
FROM products WHERE component_slot_id = 'a1000000-0000-0000-0000-000000000008'; -- Cooling

-- Periféricos — imagen diferente por subcategoría
INSERT INTO product_images (product_id, storage_url, display_order, is_primary, alt_text)
SELECT id, 'https://static.wixstatic.com/media/cf9b63_1695170f6fbe4c56be7c7366cd50774f~mv2.webp', 0, true, name
FROM products WHERE category_id = 'b1000000-0000-0000-0000-000000000041'; -- Teclados

INSERT INTO product_images (product_id, storage_url, display_order, is_primary, alt_text)
SELECT id, 'https://static.wixstatic.com/media/cf9b63_1d870b6b95d54e669afa30a1b85f6b34~mv2.webp', 0, true, name
FROM products WHERE category_id = 'b1000000-0000-0000-0000-000000000042'; -- Mouse

INSERT INTO product_images (product_id, storage_url, display_order, is_primary, alt_text)
SELECT id, 'https://static.wixstatic.com/media/cf9b63_340092b8fae946f5a3fc60451b875717~mv2.webp', 0, true, name
FROM products WHERE category_id = 'b1000000-0000-0000-0000-000000000043'; -- Headsets

INSERT INTO product_images (product_id, storage_url, display_order, is_primary, alt_text)
SELECT id, 'https://static.wixstatic.com/media/cf9b63_7df2c1494ceb479f8de2883e861f458a~mv2.webp', 0, true, name
FROM products WHERE category_id = 'b1000000-0000-0000-0000-000000000044'; -- Webcams

INSERT INTO product_images (product_id, storage_url, display_order, is_primary, alt_text)
SELECT id, 'https://static.wixstatic.com/media/cf9b63_3b4de509536a497aaf0fa80448039211~mv2.png', 0, true, name
FROM products WHERE category_id = 'b1000000-0000-0000-0000-000000000045'; -- Mousepads

-- Monitores (6) — imagen única compartida
INSERT INTO product_images (product_id, storage_url, display_order, is_primary, alt_text)
SELECT id, 'https://static.wixstatic.com/media/cf9b63_2e1df62dd2594fe99195ca791cb8f55b~mv2.jpg', 0, true, name
FROM products WHERE category_id = 'b1000000-0000-0000-0000-000000000003';

-- Sillas Gaming (4) — alternar entre las 2 fotos de sillas verificadas
INSERT INTO product_images (product_id, storage_url, display_order, is_primary, alt_text) VALUES
  ('ac000000-0000-0000-0000-000000000001', 'https://static.wixstatic.com/media/cf9b63_c1c13cee12c94f29887516457d360884~mv2.png', 0, true, 'Cougar Armor One Black'),
  ('ac000000-0000-0000-0000-000000000002', 'https://static.wixstatic.com/media/cf9b63_78c0999a50394521aea46839a0ae23e3~mv2.webp', 0, true, 'X40 Racing Yellow Edition'),
  ('ac000000-0000-0000-0000-000000000003', 'https://static.wixstatic.com/media/cf9b63_c1c13cee12c94f29887516457d360884~mv2.png', 0, true, 'DXRacer Formula F08'),
  ('ac000000-0000-0000-0000-000000000004', 'https://static.wixstatic.com/media/cf9b63_78c0999a50394521aea46839a0ae23e3~mv2.webp', 0, true, 'Razer Iskur V2');

-- Prebuilt JB (5) — placeholders rotando hasta tener fotos reales
INSERT INTO product_images (product_id, storage_url, display_order, is_primary, alt_text) VALUES
  ('d1000000-0000-0000-0000-000000000001', 'https://static.wixstatic.com/media/cf9b63_d22f0ed1ab434415be13f4a97a007e66~mv2.png', 0, true, 'JB Bronze Edition'),
  ('d1000000-0000-0000-0000-000000000002', 'https://static.wixstatic.com/media/cf9b63_00c444319104444da3034cdda4ddab8e~mv2.png', 0, true, 'JB Silver Edition'),
  ('d1000000-0000-0000-0000-000000000003', 'https://static.wixstatic.com/media/cf9b63_d22f0ed1ab434415be13f4a97a007e66~mv2.png', 0, true, 'JB Gold Edition'),
  ('d1000000-0000-0000-0000-000000000004', 'https://static.wixstatic.com/media/cf9b63_d22f0ed1ab434415be13f4a97a007e66~mv2.png', 0, true, 'JB Workstation Pro'),
  ('d1000000-0000-0000-0000-000000000005', 'https://static.wixstatic.com/media/cf9b63_00c444319104444da3034cdda4ddab8e~mv2.png', 0, true, 'JB Ruby Gaming');
